TimeSeries ID,database/postgresql/num_backends_by_application.cloudsql_database.ALIGN_MAX.REDUCE_SUM.metric.type="cloudsql.googleapis.com/database/postgresql/num_backends_by_application" resource.type="cloudsql_database" AND resource.labels."database_id"="data-rainfall-476920-v0:quizapp-postgres-prod" AND resource.labels."project_id"="data-rainfall-476920-v0".database_id:data-rainfall-476920-v0:quizapp-postgres-prod.project_id:data-rainfall-476920-v0
project_id,data-rainfall-476920-v0
database_id,data-rainfall-476920-v0:quizapp-postgres-prod
Tue Dec 02 2025 11:37:00 GMT+0530 (India Standard Time),4
Tue Dec 02 2025 11:38:00 GMT+0530 (India Standard Time),4
Tue Dec 02 2025 11:39:00 GMT+0530 (India Standard Time),4
Tue Dec 02 2025 11:40:00 GMT+0530 (India Standard Time),4
Tue Dec 02 2025 11:41:00 GMT+0530 (India Standard Time),4
Tue Dec 02 2025 11:42:00 GMT+0530 (India Standard Time),4
Tue Dec 02 2025 11:43:00 GMT+0530 (India Standard Time),4
Tue Dec 02 2025 11:44:00 GMT+0530 (India Standard Time),4
Tue Dec 02 2025 11:45:00 GMT+0530 (India Standard Time),4
Tue Dec 02 2025 11:46:00 GMT+0530 (India Standard Time),5
Tue Dec 02 2025 11:47:00 GMT+0530 (India Standard Time),5
Tue Dec 02 2025 11:48:00 GMT+0530 (India Standard Time),5
Tue Dec 02 2025 11:49:00 GMT+0530 (India Standard Time),5
Tue Dec 02 2025 11:50:00 GMT+0530 (India Standard Time),5
Tue Dec 02 2025 11:51:00 GMT+0530 (India Standard Time),5
Tue Dec 02 2025 11:52:00 GMT+0530 (India Standard Time),5
Tue Dec 02 2025 11:53:00 GMT+0530 (India Standard Time),5
Tue Dec 02 2025 11:54:00 GMT+0530 (India Standard Time),5
Tue Dec 02 2025 11:55:00 GMT+0530 (India Standard Time),6
Tue Dec 02 2025 11:56:00 GMT+0530 (India Standard Time),7
Tue Dec 02 2025 11:57:00 GMT+0530 (India Standard Time),7
Tue Dec 02 2025 11:58:00 GMT+0530 (India Standard Time),7
Tue Dec 02 2025 11:59:00 GMT+0530 (India Standard Time),7
Tue Dec 02 2025 12:00:00 GMT+0530 (India Standard Time),7
Tue Dec 02 2025 12:01:00 GMT+0530 (India Standard Time),6
Tue Dec 02 2025 12:02:00 GMT+0530 (India Standard Time),6
Tue Dec 02 2025 12:03:00 GMT+0530 (India Standard Time),6
Tue Dec 02 2025 12:04:00 GMT+0530 (India Standard Time),8
Tue Dec 02 2025 12:05:00 GMT+0530 (India Standard Time),7
Tue Dec 02 2025 12:06:00 GMT+0530 (India Standard Time),7
Tue Dec 02 2025 12:07:00 GMT+0530 (India Standard Time),5
Tue Dec 02 2025 12:08:00 GMT+0530 (India Standard Time),5
Tue Dec 02 2025 12:09:00 GMT+0530 (India Standard Time),6
Tue Dec 02 2025 12:10:00 GMT+0530 (India Standard Time),6
Tue Dec 02 2025 12:11:00 GMT+0530 (India Standard Time),7
Tue Dec 02 2025 12:12:00 GMT+0530 (India Standard Time),7
Tue Dec 02 2025 12:13:00 GMT+0530 (India Standard Time),6
Tue Dec 02 2025 12:14:00 GMT+0530 (India Standard Time),6
Tue Dec 02 2025 12:15:00 GMT+0530 (India Standard Time),7
Tue Dec 02 2025 12:16:00 GMT+0530 (India Standard Time),7
Tue Dec 02 2025 12:17:00 GMT+0530 (India Standard Time),7
Tue Dec 02 2025 12:18:00 GMT+0530 (India Standard Time),6
Tue Dec 02 2025 12:19:00 GMT+0530 (India Standard Time),6
Tue Dec 02 2025 12:20:00 GMT+0530 (India Standard Time),6
Tue Dec 02 2025 12:21:00 GMT+0530 (India Standard Time),9
Tue Dec 02 2025 12:22:00 GMT+0530 (India Standard Time),14
Tue Dec 02 2025 12:23:00 GMT+0530 (India Standard Time),12
Tue Dec 02 2025 12:24:00 GMT+0530 (India Standard Time),12
Tue Dec 02 2025 12:25:00 GMT+0530 (India Standard Time),18
Tue Dec 02 2025 12:26:00 GMT+0530 (India Standard Time),10
Tue Dec 02 2025 12:27:00 GMT+0530 (India Standard Time),17
Tue Dec 02 2025 12:28:00 GMT+0530 (India Standard Time),15
Tue Dec 02 2025 12:29:00 GMT+0530 (India Standard Time),13
Tue Dec 02 2025 12:30:00 GMT+0530 (India Standard Time),13
Tue Dec 02 2025 12:31:00 GMT+0530 (India Standard Time),13
Tue Dec 02 2025 12:32:00 GMT+0530 (India Standard Time),8
Tue Dec 02 2025 12:33:00 GMT+0530 (India Standard Time),8
Tue Dec 02 2025 12:34:00 GMT+0530 (India Standard Time),8
Tue Dec 02 2025 12:35:00 GMT+0530 (India Standard Time),8
Tue Dec 02 2025 12:36:00 GMT+0530 (India Standard Time),8
Tue Dec 02 2025 12:37:00 GMT+0530 (India Standard Time),8
Tue Dec 02 2025 12:38:00 GMT+0530 (India Standard Time),9
Tue Dec 02 2025 12:39:00 GMT+0530 (India Standard Time),4
Tue Dec 02 2025 12:40:00 GMT+0530 (India Standard Time),8
Tue Dec 02 2025 12:41:00 GMT+0530 (India Standard Time),8
Tue Dec 02 2025 12:42:00 GMT+0530 (India Standard Time),8
Tue Dec 02 2025 12:43:00 GMT+0530 (India Standard Time),8
Tue Dec 02 2025 12:44:00 GMT+0530 (India Standard Time),10
Tue Dec 02 2025 12:45:00 GMT+0530 (India Standard Time),10
Tue Dec 02 2025 12:46:00 GMT+0530 (India Standard Time),10
Tue Dec 02 2025 12:47:00 GMT+0530 (India Standard Time),8
Tue Dec 02 2025 12:48:00 GMT+0530 (India Standard Time),8
Tue Dec 02 2025 12:49:00 GMT+0530 (India Standard Time),8
Tue Dec 02 2025 12:50:00 GMT+0530 (India Standard Time),8
Tue Dec 02 2025 12:51:00 GMT+0530 (India Standard Time),8
Tue Dec 02 2025 12:52:00 GMT+0530 (India Standard Time),8
Tue Dec 02 2025 12:53:00 GMT+0530 (India Standard Time),9
Tue Dec 02 2025 12:54:00 GMT+0530 (India Standard Time),13
Tue Dec 02 2025 12:55:00 GMT+0530 (India Standard Time),12
Tue Dec 02 2025 12:56:00 GMT+0530 (India Standard Time),11
Tue Dec 02 2025 12:57:00 GMT+0530 (India Standard Time),8
Tue Dec 02 2025 12:58:00 GMT+0530 (India Standard Time),7
Tue Dec 02 2025 12:59:00 GMT+0530 (India Standard Time),7
Tue Dec 02 2025 13:00:00 GMT+0530 (India Standard Time),7
Tue Dec 02 2025 13:01:00 GMT+0530 (India Standard Time),7
Tue Dec 02 2025 13:02:00 GMT+0530 (India Standard Time),7
Tue Dec 02 2025 13:03:00 GMT+0530 (India Standard Time),8
Tue Dec 02 2025 13:04:00 GMT+0530 (India Standard Time),8
Tue Dec 02 2025 13:05:00 GMT+0530 (India Standard Time),12
Tue Dec 02 2025 13:06:00 GMT+0530 (India Standard Time),9
Tue Dec 02 2025 13:07:00 GMT+0530 (India Standard Time),9
Tue Dec 02 2025 13:08:00 GMT+0530 (India Standard Time),8
Tue Dec 02 2025 13:09:00 GMT+0530 (India Standard Time),8
Tue Dec 02 2025 13:10:00 GMT+0530 (India Standard Time),8
Tue Dec 02 2025 13:11:00 GMT+0530 (India Standard Time),8
Tue Dec 02 2025 13:12:00 GMT+0530 (India Standard Time),8
Tue Dec 02 2025 13:13:00 GMT+0530 (India Standard Time),8
Tue Dec 02 2025 13:14:00 GMT+0530 (India Standard Time),8
Tue Dec 02 2025 13:15:00 GMT+0530 (India Standard Time),8
Tue Dec 02 2025 13:16:00 GMT+0530 (India Standard Time),8
Tue Dec 02 2025 13:17:00 GMT+0530 (India Standard Time),8
Tue Dec 02 2025 13:18:00 GMT+0530 (India Standard Time),8
Tue Dec 02 2025 13:19:00 GMT+0530 (India Standard Time),8
Tue Dec 02 2025 13:20:00 GMT+0530 (India Standard Time),8
Tue Dec 02 2025 13:21:00 GMT+0530 (India Standard Time),9
Tue Dec 02 2025 13:22:00 GMT+0530 (India Standard Time),9
Tue Dec 02 2025 13:23:00 GMT+0530 (India Standard Time),9
Tue Dec 02 2025 13:24:00 GMT+0530 (India Standard Time),9
Tue Dec 02 2025 13:25:00 GMT+0530 (India Standard Time),9
Tue Dec 02 2025 13:26:00 GMT+0530 (India Standard Time),9
Tue Dec 02 2025 13:27:00 GMT+0530 (India Standard Time),8
Tue Dec 02 2025 13:28:00 GMT+0530 (India Standard Time),9
Tue Dec 02 2025 13:29:00 GMT+0530 (India Standard Time),9
Tue Dec 02 2025 13:30:00 GMT+0530 (India Standard Time),10
Tue Dec 02 2025 13:31:00 GMT+0530 (India Standard Time),10
Tue Dec 02 2025 13:32:00 GMT+0530 (India Standard Time),10
Tue Dec 02 2025 13:33:00 GMT+0530 (India Standard Time),10
Tue Dec 02 2025 13:34:00 GMT+0530 (India Standard Time),10
Tue Dec 02 2025 13:35:00 GMT+0530 (India Standard Time),10
Tue Dec 02 2025 13:36:00 GMT+0530 (India Standard Time),10
Tue Dec 02 2025 13:37:00 GMT+0530 (India Standard Time),10
Tue Dec 02 2025 13:38:00 GMT+0530 (India Standard Time),10
Tue Dec 02 2025 13:39:00 GMT+0530 (India Standard Time),10
Tue Dec 02 2025 13:40:00 GMT+0530 (India Standard Time),10
Tue Dec 02 2025 13:41:00 GMT+0530 (India Standard Time),10
Tue Dec 02 2025 13:42:00 GMT+0530 (India Standard Time),10
Tue Dec 02 2025 13:43:00 GMT+0530 (India Standard Time),10
Tue Dec 02 2025 13:44:00 GMT+0530 (India Standard Time),10
Tue Dec 02 2025 13:45:00 GMT+0530 (India Standard Time),10
Tue Dec 02 2025 13:46:00 GMT+0530 (India Standard Time),10
Tue Dec 02 2025 13:47:00 GMT+0530 (India Standard Time),10
Tue Dec 02 2025 13:48:00 GMT+0530 (India Standard Time),10
Tue Dec 02 2025 13:49:00 GMT+0530 (India Standard Time),10
Tue Dec 02 2025 13:50:00 GMT+0530 (India Standard Time),10
Tue Dec 02 2025 13:51:00 GMT+0530 (India Standard Time),10
Tue Dec 02 2025 13:52:00 GMT+0530 (India Standard Time),10
Tue Dec 02 2025 13:53:00 GMT+0530 (India Standard Time),10
Tue Dec 02 2025 13:54:00 GMT+0530 (India Standard Time),10
Tue Dec 02 2025 13:55:00 GMT+0530 (India Standard Time),10
Tue Dec 02 2025 13:56:00 GMT+0530 (India Standard Time),10
Tue Dec 02 2025 13:57:00 GMT+0530 (India Standard Time),10
Tue Dec 02 2025 13:58:00 GMT+0530 (India Standard Time),10
Tue Dec 02 2025 13:59:00 GMT+0530 (India Standard Time),10
Tue Dec 02 2025 14:00:00 GMT+0530 (India Standard Time),10
Tue Dec 02 2025 14:01:00 GMT+0530 (India Standard Time),10
Tue Dec 02 2025 14:02:00 GMT+0530 (India Standard Time),9
Tue Dec 02 2025 14:03:00 GMT+0530 (India Standard Time),8
Tue Dec 02 2025 14:04:00 GMT+0530 (India Standard Time),8
Tue Dec 02 2025 14:05:00 GMT+0530 (India Standard Time),8
Tue Dec 02 2025 14:06:00 GMT+0530 (India Standard Time),8
Tue Dec 02 2025 14:07:00 GMT+0530 (India Standard Time),8
Tue Dec 02 2025 14:08:00 GMT+0530 (India Standard Time),8
Tue Dec 02 2025 14:09:00 GMT+0530 (India Standard Time),6
Tue Dec 02 2025 14:10:00 GMT+0530 (India Standard Time),6
Tue Dec 02 2025 14:11:00 GMT+0530 (India Standard Time),10
Tue Dec 02 2025 14:12:00 GMT+0530 (India Standard Time),18
Tue Dec 02 2025 14:13:00 GMT+0530 (India Standard Time),22
Tue Dec 02 2025 14:14:00 GMT+0530 (India Standard Time),33
Tue Dec 02 2025 14:15:00 GMT+0530 (India Standard Time),35
Tue Dec 02 2025 14:16:00 GMT+0530 (India Standard Time),35
Tue Dec 02 2025 14:17:00 GMT+0530 (India Standard Time),36
Tue Dec 02 2025 14:18:00 GMT+0530 (India Standard Time),38
Tue Dec 02 2025 14:19:00 GMT+0530 (India Standard Time),39
Tue Dec 02 2025 14:20:00 GMT+0530 (India Standard Time),40
Tue Dec 02 2025 14:21:00 GMT+0530 (India Standard Time),39
Tue Dec 02 2025 14:22:00 GMT+0530 (India Standard Time),35
Tue Dec 02 2025 14:23:00 GMT+0530 (India Standard Time),36
Tue Dec 02 2025 14:24:00 GMT+0530 (India Standard Time),34
Tue Dec 02 2025 14:25:00 GMT+0530 (India Standard Time),34
Tue Dec 02 2025 14:26:00 GMT+0530 (India Standard Time),26
Tue Dec 02 2025 14:27:00 GMT+0530 (India Standard Time),34
Tue Dec 02 2025 14:28:00 GMT+0530 (India Standard Time),36
Tue Dec 02 2025 14:29:00 GMT+0530 (India Standard Time),31
Tue Dec 02 2025 14:30:00 GMT+0530 (India Standard Time),30
Tue Dec 02 2025 14:31:00 GMT+0530 (India Standard Time),32
Tue Dec 02 2025 14:32:00 GMT+0530 (India Standard Time),30
Tue Dec 02 2025 14:33:00 GMT+0530 (India Standard Time),29
Tue Dec 02 2025 14:34:00 GMT+0530 (India Standard Time),34
Tue Dec 02 2025 14:35:00 GMT+0530 (India Standard Time),37
Tue Dec 02 2025 14:36:00 GMT+0530 (India Standard Time),36
Tue Dec 02 2025 14:37:00 GMT+0530 (India Standard Time),26
Tue Dec 02 2025 14:38:00 GMT+0530 (India Standard Time),37
Tue Dec 02 2025 14:39:00 GMT+0530 (India Standard Time),37
Tue Dec 02 2025 14:40:00 GMT+0530 (India Standard Time),29
Tue Dec 02 2025 14:41:00 GMT+0530 (India Standard Time),34
Tue Dec 02 2025 14:42:00 GMT+0530 (India Standard Time),36
Tue Dec 02 2025 14:43:00 GMT+0530 (India Standard Time),38
Tue Dec 02 2025 14:44:00 GMT+0530 (India Standard Time),33
Tue Dec 02 2025 14:45:00 GMT+0530 (India Standard Time),37
Tue Dec 02 2025 14:46:00 GMT+0530 (India Standard Time),36
Tue Dec 02 2025 14:47:00 GMT+0530 (India Standard Time),33
Tue Dec 02 2025 14:48:00 GMT+0530 (India Standard Time),35
Tue Dec 02 2025 14:49:00 GMT+0530 (India Standard Time),35
Tue Dec 02 2025 14:50:00 GMT+0530 (India Standard Time),36
Tue Dec 02 2025 14:51:00 GMT+0530 (India Standard Time),36
Tue Dec 02 2025 14:52:00 GMT+0530 (India Standard Time),34
Tue Dec 02 2025 14:53:00 GMT+0530 (India Standard Time),35
Tue Dec 02 2025 14:54:00 GMT+0530 (India Standard Time),29
Tue Dec 02 2025 14:55:00 GMT+0530 (India Standard Time),29
Tue Dec 02 2025 14:56:00 GMT+0530 (India Standard Time),25
Tue Dec 02 2025 14:57:00 GMT+0530 (India Standard Time),26
Tue Dec 02 2025 14:58:00 GMT+0530 (India Standard Time),22
Tue Dec 02 2025 14:59:00 GMT+0530 (India Standard Time),21
Tue Dec 02 2025 15:00:00 GMT+0530 (India Standard Time),21
Tue Dec 02 2025 15:01:00 GMT+0530 (India Standard Time),15
Tue Dec 02 2025 15:02:00 GMT+0530 (India Standard Time),15
Tue Dec 02 2025 15:03:00 GMT+0530 (India Standard Time),15
Tue Dec 02 2025 15:04:00 GMT+0530 (India Standard Time),16
Tue Dec 02 2025 15:05:00 GMT+0530 (India Standard Time),16
Tue Dec 02 2025 15:06:00 GMT+0530 (India Standard Time),16
Tue Dec 02 2025 15:07:00 GMT+0530 (India Standard Time),14
Tue Dec 02 2025 15:08:00 GMT+0530 (India Standard Time),14
Tue Dec 02 2025 15:09:00 GMT+0530 (India Standard Time),15
Tue Dec 02 2025 15:10:00 GMT+0530 (India Standard Time),15
Tue Dec 02 2025 15:11:00 GMT+0530 (India Standard Time),15
Tue Dec 02 2025 15:12:00 GMT+0530 (India Standard Time),11
Tue Dec 02 2025 15:13:00 GMT+0530 (India Standard Time),11
Tue Dec 02 2025 15:14:00 GMT+0530 (India Standard Time),12
Tue Dec 02 2025 15:15:00 GMT+0530 (India Standard Time),12
Tue Dec 02 2025 15:16:00 GMT+0530 (India Standard Time),12
Tue Dec 02 2025 15:17:00 GMT+0530 (India Standard Time),13
Tue Dec 02 2025 15:18:00 GMT+0530 (India Standard Time),14
Tue Dec 02 2025 15:19:00 GMT+0530 (India Standard Time),23
Tue Dec 02 2025 15:20:00 GMT+0530 (India Standard Time),23
Tue Dec 02 2025 15:21:00 GMT+0530 (India Standard Time),23
Tue Dec 02 2025 15:22:00 GMT+0530 (India Standard Time),23
Tue Dec 02 2025 15:23:00 GMT+0530 (India Standard Time),23
Tue Dec 02 2025 15:24:00 GMT+0530 (India Standard Time),23
Tue Dec 02 2025 15:25:00 GMT+0530 (India Standard Time),18
Tue Dec 02 2025 15:26:00 GMT+0530 (India Standard Time),18
Tue Dec 02 2025 15:27:00 GMT+0530 (India Standard Time),18
Tue Dec 02 2025 15:28:00 GMT+0530 (India Standard Time),18
Tue Dec 02 2025 15:29:00 GMT+0530 (India Standard Time),18
Tue Dec 02 2025 15:30:00 GMT+0530 (India Standard Time),13
Tue Dec 02 2025 15:31:00 GMT+0530 (India Standard Time),13
Tue Dec 02 2025 15:32:00 GMT+0530 (India Standard Time),13
Tue Dec 02 2025 15:33:00 GMT+0530 (India Standard Time),13
Tue Dec 02 2025 15:34:00 GMT+0530 (India Standard Time),13
Tue Dec 02 2025 15:35:00 GMT+0530 (India Standard Time),13
Tue Dec 02 2025 15:36:00 GMT+0530 (India Standard Time),13
Tue Dec 02 2025 15:37:00 GMT+0530 (India Standard Time),13
Tue Dec 02 2025 15:38:00 GMT+0530 (India Standard Time),13
Tue Dec 02 2025 15:39:00 GMT+0530 (India Standard Time),13
Tue Dec 02 2025 15:40:00 GMT+0530 (India Standard Time),9
Tue Dec 02 2025 15:41:00 GMT+0530 (India Standard Time),13
Tue Dec 02 2025 15:42:00 GMT+0530 (India Standard Time),13
Tue Dec 02 2025 15:43:00 GMT+0530 (India Standard Time),13
Tue Dec 02 2025 15:44:00 GMT+0530 (India Standard Time),13
Tue Dec 02 2025 15:45:00 GMT+0530 (India Standard Time),14
Tue Dec 02 2025 15:46:00 GMT+0530 (India Standard Time),13
Tue Dec 02 2025 15:47:00 GMT+0530 (India Standard Time),13
Tue Dec 02 2025 15:48:00 GMT+0530 (India Standard Time),13
Tue Dec 02 2025 15:49:00 GMT+0530 (India Standard Time),13
Tue Dec 02 2025 15:50:00 GMT+0530 (India Standard Time),13
Tue Dec 02 2025 15:51:00 GMT+0530 (India Standard Time),13
Tue Dec 02 2025 15:52:00 GMT+0530 (India Standard Time),11
Tue Dec 02 2025 15:53:00 GMT+0530 (India Standard Time),12
Tue Dec 02 2025 15:54:00 GMT+0530 (India Standard Time),12
Tue Dec 02 2025 15:55:00 GMT+0530 (India Standard Time),12
Tue Dec 02 2025 15:56:00 GMT+0530 (India Standard Time),12
Tue Dec 02 2025 15:57:00 GMT+0530 (India Standard Time),12
Tue Dec 02 2025 15:58:00 GMT+0530 (India Standard Time),12
Tue Dec 02 2025 15:59:00 GMT+0530 (India Standard Time),12
Tue Dec 02 2025 16:00:00 GMT+0530 (India Standard Time),12
Tue Dec 02 2025 16:01:00 GMT+0530 (India Standard Time),12
Tue Dec 02 2025 16:02:00 GMT+0530 (India Standard Time),12
Tue Dec 02 2025 16:03:00 GMT+0530 (India Standard Time),13
Tue Dec 02 2025 16:04:00 GMT+0530 (India Standard Time),13
Tue Dec 02 2025 16:05:00 GMT+0530 (India Standard Time),13
Tue Dec 02 2025 16:06:00 GMT+0530 (India Standard Time),12
Tue Dec 02 2025 16:07:00 GMT+0530 (India Standard Time),13
Tue Dec 02 2025 16:08:00 GMT+0530 (India Standard Time),13
Tue Dec 02 2025 16:09:00 GMT+0530 (India Standard Time),13
Tue Dec 02 2025 16:10:00 GMT+0530 (India Standard Time),13
Tue Dec 02 2025 16:11:00 GMT+0530 (India Standard Time),13
Tue Dec 02 2025 16:12:00 GMT+0530 (India Standard Time),13
Tue Dec 02 2025 16:13:00 GMT+0530 (India Standard Time),13
Tue Dec 02 2025 16:14:00 GMT+0530 (India Standard Time),13
Tue Dec 02 2025 16:15:00 GMT+0530 (India Standard Time),13
Tue Dec 02 2025 16:16:00 GMT+0530 (India Standard Time),13
Tue Dec 02 2025 16:17:00 GMT+0530 (India Standard Time),13
Tue Dec 02 2025 16:18:00 GMT+0530 (India Standard Time),12
Tue Dec 02 2025 16:19:00 GMT+0530 (India Standard Time),12
Tue Dec 02 2025 16:20:00 GMT+0530 (India Standard Time),12
Tue Dec 02 2025 16:21:00 GMT+0530 (India Standard Time),12
Tue Dec 02 2025 16:22:00 GMT+0530 (India Standard Time),12
Tue Dec 02 2025 16:23:00 GMT+0530 (India Standard Time),12
Tue Dec 02 2025 16:24:00 GMT+0530 (India Standard Time),12
Tue Dec 02 2025 16:25:00 GMT+0530 (India Standard Time),12
Tue Dec 02 2025 16:26:00 GMT+0530 (India Standard Time),12
Tue Dec 02 2025 16:27:00 GMT+0530 (India Standard Time),12
Tue Dec 02 2025 16:28:00 GMT+0530 (India Standard Time),12
Tue Dec 02 2025 16:29:00 GMT+0530 (India Standard Time),12
Tue Dec 02 2025 16:30:00 GMT+0530 (India Standard Time),12
Tue Dec 02 2025 16:31:00 GMT+0530 (India Standard Time),12
Tue Dec 02 2025 16:32:00 GMT+0530 (India Standard Time),12
Tue Dec 02 2025 16:33:00 GMT+0530 (India Standard Time),11
Tue Dec 02 2025 16:34:00 GMT+0530 (India Standard Time),12
Tue Dec 02 2025 16:35:00 GMT+0530 (India Standard Time),12
Tue Dec 02 2025 16:36:00 GMT+0530 (India Standard Time),12
Tue Dec 02 2025 16:37:00 GMT+0530 (India Standard Time),12
Tue Dec 02 2025 16:38:00 GMT+0530 (India Standard Time),12
Tue Dec 02 2025 16:39:00 GMT+0530 (India Standard Time),12
Tue Dec 02 2025 16:40:00 GMT+0530 (India Standard Time),12
Tue Dec 02 2025 16:41:00 GMT+0530 (India Standard Time),12
Tue Dec 02 2025 16:42:00 GMT+0530 (India Standard Time),12
Tue Dec 02 2025 16:43:00 GMT+0530 (India Standard Time),12
Tue Dec 02 2025 16:44:00 GMT+0530 (India Standard Time),12
Tue Dec 02 2025 16:45:00 GMT+0530 (India Standard Time),12
Tue Dec 02 2025 16:46:00 GMT+0530 (India Standard Time),12
Tue Dec 02 2025 16:47:00 GMT+0530 (India Standard Time),12
Tue Dec 02 2025 16:48:00 GMT+0530 (India Standard Time),12
Tue Dec 02 2025 16:49:00 GMT+0530 (India Standard Time),12
Tue Dec 02 2025 16:50:00 GMT+0530 (India Standard Time),12
Tue Dec 02 2025 16:51:00 GMT+0530 (India Standard Time),12
Tue Dec 02 2025 16:52:00 GMT+0530 (India Standard Time),12
Tue Dec 02 2025 16:53:00 GMT+0530 (India Standard Time),12
Tue Dec 02 2025 16:54:00 GMT+0530 (India Standard Time),12
Tue Dec 02 2025 16:55:00 GMT+0530 (India Standard Time),12
Tue Dec 02 2025 16:56:00 GMT+0530 (India Standard Time),12
Tue Dec 02 2025 16:57:00 GMT+0530 (India Standard Time),12
Tue Dec 02 2025 16:58:00 GMT+0530 (India Standard Time),12
Tue Dec 02 2025 16:59:00 GMT+0530 (India Standard Time),12
Tue Dec 02 2025 17:00:00 GMT+0530 (India Standard Time),10
Tue Dec 02 2025 17:01:00 GMT+0530 (India Standard Time),10
Tue Dec 02 2025 17:02:00 GMT+0530 (India Standard Time),10
Tue Dec 02 2025 17:03:00 GMT+0530 (India Standard Time),10
Tue Dec 02 2025 17:04:00 GMT+0530 (India Standard Time),10
Tue Dec 02 2025 17:05:00 GMT+0530 (India Standard Time),10
Tue Dec 02 2025 17:06:00 GMT+0530 (India Standard Time),8
Tue Dec 02 2025 17:07:00 GMT+0530 (India Standard Time),9
Tue Dec 02 2025 17:08:00 GMT+0530 (India Standard Time),9
Tue Dec 02 2025 17:09:00 GMT+0530 (India Standard Time),9
Tue Dec 02 2025 17:10:00 GMT+0530 (India Standard Time),10
Tue Dec 02 2025 17:11:00 GMT+0530 (India Standard Time),10
Tue Dec 02 2025 17:12:00 GMT+0530 (India Standard Time),10
Tue Dec 02 2025 17:13:00 GMT+0530 (India Standard Time),10
Tue Dec 02 2025 17:14:00 GMT+0530 (India Standard Time),10
Tue Dec 02 2025 17:15:00 GMT+0530 (India Standard Time),10
Tue Dec 02 2025 17:16:00 GMT+0530 (India Standard Time),10
Tue Dec 02 2025 17:17:00 GMT+0530 (India Standard Time),10
Tue Dec 02 2025 17:18:00 GMT+0530 (India Standard Time),10
Tue Dec 02 2025 17:19:00 GMT+0530 (India Standard Time),10
Tue Dec 02 2025 17:20:00 GMT+0530 (India Standard Time),10
Tue Dec 02 2025 17:21:00 GMT+0530 (India Standard Time),10
Tue Dec 02 2025 17:22:00 GMT+0530 (India Standard Time),10
Tue Dec 02 2025 17:23:00 GMT+0530 (India Standard Time),10
Tue Dec 02 2025 17:24:00 GMT+0530 (India Standard Time),10
Tue Dec 02 2025 17:25:00 GMT+0530 (India Standard Time),10
Tue Dec 02 2025 17:26:00 GMT+0530 (India Standard Time),10
Tue Dec 02 2025 17:27:00 GMT+0530 (India Standard Time),10
Tue Dec 02 2025 17:28:00 GMT+0530 (India Standard Time),10
Tue Dec 02 2025 17:29:00 GMT+0530 (India Standard Time),10
Tue Dec 02 2025 17:30:00 GMT+0530 (India Standard Time),10
Tue Dec 02 2025 17:31:00 GMT+0530 (India Standard Time),10
Tue Dec 02 2025 17:32:00 GMT+0530 (India Standard Time),10
Tue Dec 02 2025 17:33:00 GMT+0530 (India Standard Time),10
Tue Dec 02 2025 17:34:00 GMT+0530 (India Standard Time),10
Tue Dec 02 2025 17:35:00 GMT+0530 (India Standard Time),10
Tue Dec 02 2025 17:36:00 GMT+0530 (India Standard Time),10