TimeSeries ID,database/postgresql/transaction_id_utilization.cloudsql_database.ALIGN_MEAN.metric.type="cloudsql.googleapis.com/database/postgresql/transaction_id_utilization" resource.type="cloudsql_database" AND resource.labels."database_id"="data-rainfall-476920-v0:quizapp-postgres-prod" AND resource.labels."project_id"="data-rainfall-476920-v0".database_id:data-rainfall-476920-v0:quizapp-postgres-prod.project_id:data-rainfall-476920-v0.region:us-central
region,us-central
database_id,data-rainfall-476920-v0:quizapp-postgres-prod
project_id,data-rainfall-476920-v0
Tue Dec 02 2025 11:37:00 GMT+0530 (India Standard Time),5.893359596603533e-7
Tue Dec 02 2025 11:38:00 GMT+0530 (India Standard Time),5.949264984081195e-7
Tue Dec 02 2025 11:39:00 GMT+0530 (India Standard Time),6.005170371558857e-7
Tue Dec 02 2025 11:40:00 GMT+0530 (India Standard Time),6.061075759036519e-7
Tue Dec 02 2025 11:41:00 GMT+0530 (India Standard Time),6.11698114651418e-7
Tue Dec 02 2025 11:42:00 GMT+0530 (India Standard Time),6.177545316281648e-7
Tue Dec 02 2025 11:43:00 GMT+0530 (India Standard Time),6.233450703759309e-7
Tue Dec 02 2025 11:44:00 GMT+0530 (India Standard Time),6.289356091236972e-7
Tue Dec 02 2025 11:45:00 GMT+0530 (India Standard Time),6.345261478714634e-7
Tue Dec 02 2025 11:46:00 GMT+0530 (India Standard Time),6.415143213061712e-7
Tue Dec 02 2025 11:47:00 GMT+0530 (India Standard Time),6.475707382829178e-7
Tue Dec 02 2025 11:48:00 GMT+0530 (India Standard Time),6.531612770306841e-7
Tue Dec 02 2025 11:49:00 GMT+0530 (India Standard Time),6.587518157784502e-7
Tue Dec 02 2025 11:50:00 GMT+0530 (India Standard Time),6.643423545262164e-7
Tue Dec 02 2025 11:51:00 GMT+0530 (India Standard Time),6.699328932739826e-7
Tue Dec 02 2025 11:52:00 GMT+0530 (India Standard Time),6.759893102507293e-7
Tue Dec 02 2025 11:53:00 GMT+0530 (India Standard Time),6.815798489984956e-7
Tue Dec 02 2025 11:54:00 GMT+0530 (India Standard Time),6.871703877462618e-7
Tue Dec 02 2025 11:55:00 GMT+0530 (India Standard Time),6.941585611809695e-7
Tue Dec 02 2025 11:56:00 GMT+0530 (India Standard Time),6.997490999287357e-7
Tue Dec 02 2025 11:57:00 GMT+0530 (India Standard Time),7.076690298214045e-7
Tue Dec 02 2025 11:58:00 GMT+0530 (India Standard Time),7.151230814850927e-7
Tue Dec 02 2025 11:59:00 GMT+0530 (India Standard Time),7.207136202328589e-7
Tue Dec 02 2025 12:00:00 GMT+0530 (India Standard Time),7.263041589806252e-7
Tue Dec 02 2025 12:01:00 GMT+0530 (India Standard Time),7.318946977283913e-7
Tue Dec 02 2025 12:02:00 GMT+0530 (India Standard Time),7.379511147051381e-7
Tue Dec 02 2025 12:03:00 GMT+0530 (India Standard Time),7.435416534529042e-7
Tue Dec 02 2025 12:04:00 GMT+0530 (India Standard Time),7.491321922006704e-7
Tue Dec 02 2025 12:05:00 GMT+0530 (India Standard Time),7.547227309484366e-7
Tue Dec 02 2025 12:06:00 GMT+0530 (India Standard Time),7.603132696962029e-7
Tue Dec 02 2025 12:07:00 GMT+0530 (India Standard Time),7.663696866729495e-7
Tue Dec 02 2025 12:08:00 GMT+0530 (India Standard Time),7.719602254207158e-7
Tue Dec 02 2025 12:09:00 GMT+0530 (India Standard Time),7.789483988554234e-7
Tue Dec 02 2025 12:10:00 GMT+0530 (India Standard Time),7.850048158321702e-7
Tue Dec 02 2025 12:11:00 GMT+0530 (India Standard Time),7.905953545799363e-7
Tue Dec 02 2025 12:12:00 GMT+0530 (India Standard Time),7.966517715566831e-7
Tue Dec 02 2025 12:13:00 GMT+0530 (India Standard Time),8.022423103044492e-7
Tue Dec 02 2025 12:14:00 GMT+0530 (India Standard Time),8.078328490522155e-7
Tue Dec 02 2025 12:15:00 GMT+0530 (India Standard Time),8.134233877999817e-7
Tue Dec 02 2025 12:16:00 GMT+0530 (India Standard Time),8.232068306085725e-7
Tue Dec 02 2025 12:17:00 GMT+0530 (India Standard Time),8.357855427910465e-7
Tue Dec 02 2025 12:18:00 GMT+0530 (India Standard Time),8.423078379967737e-7
Tue Dec 02 2025 12:19:00 GMT+0530 (India Standard Time),8.4789837674454e-7
Tue Dec 02 2025 12:20:00 GMT+0530 (India Standard Time),8.534889154923061e-7
Tue Dec 02 2025 12:21:00 GMT+0530 (India Standard Time),8.64204114758858e-7
Tue Dec 02 2025 12:22:00 GMT+0530 (India Standard Time),8.711922881935658e-7
Tue Dec 02 2025 12:23:00 GMT+0530 (India Standard Time),8.767828269413319e-7
Tue Dec 02 2025 12:24:00 GMT+0530 (India Standard Time),8.823733656890981e-7
Tue Dec 02 2025 12:25:00 GMT+0530 (India Standard Time),8.879639044368643e-7
Tue Dec 02 2025 12:26:00 GMT+0530 (India Standard Time),8.926226867266695e-7
Tue Dec 02 2025 12:27:00 GMT+0530 (India Standard Time),8.986791037034162e-7
Tue Dec 02 2025 12:28:00 GMT+0530 (India Standard Time),9.042696424511824e-7
Tue Dec 02 2025 12:29:00 GMT+0530 (India Standard Time),9.098601811989486e-7
Tue Dec 02 2025 12:30:00 GMT+0530 (India Standard Time),9.154507199467148e-7
Tue Dec 02 2025 12:31:00 GMT+0530 (India Standard Time),9.210412586944809e-7
Tue Dec 02 2025 12:32:00 GMT+0530 (India Standard Time),9.270976756712277e-7
Tue Dec 02 2025 12:33:00 GMT+0530 (India Standard Time),9.326882144189938e-7
Tue Dec 02 2025 12:34:00 GMT+0530 (India Standard Time),9.382787531667601e-7
Tue Dec 02 2025 12:35:00 GMT+0530 (India Standard Time),9.438692919145263e-7
Tue Dec 02 2025 12:36:00 GMT+0530 (India Standard Time),9.494598306622925e-7
Tue Dec 02 2025 12:37:00 GMT+0530 (India Standard Time),9.55516247639039e-7
Tue Dec 02 2025 12:38:00 GMT+0530 (India Standard Time),9.699584727374353e-7
Tue Dec 02 2025 12:39:00 GMT+0530 (India Standard Time),9.77878402630104e-7
Tue Dec 02 2025 12:40:00 GMT+0530 (India Standard Time),9.951158971023832e-7
Tue Dec 02 2025 12:41:00 GMT+0530 (India Standard Time),0.0000010072287310558764
Tue Dec 02 2025 12:42:00 GMT+0530 (India Standard Time),0.000001032852033649805
Tue Dec 02 2025 12:43:00 GMT+0530 (India Standard Time),0.0000010421695982294153
Tue Dec 02 2025 12:44:00 GMT+0530 (India Standard Time),0.000001051021284580045
Tue Dec 02 2025 12:45:00 GMT+0530 (India Standard Time),0.0000010594070927016944
Tue Dec 02 2025 12:46:00 GMT+0530 (India Standard Time),0.0000010677929008233436
Tue Dec 02 2025 12:47:00 GMT+0530 (India Standard Time),0.0000010766445871739734
Tue Dec 02 2025 12:48:00 GMT+0530 (India Standard Time),0.0000011008702550809604
Tue Dec 02 2025 12:49:00 GMT+0530 (India Standard Time),0.0000011083243067446486
Tue Dec 02 2025 12:50:00 GMT+0530 (India Standard Time),0.000001116710114866298
Tue Dec 02 2025 12:51:00 GMT+0530 (India Standard Time),0.0000011325499746516355
Tue Dec 02 2025 12:52:00 GMT+0530 (India Standard Time),0.0000011386063916283822
Tue Dec 02 2025 12:53:00 GMT+0530 (India Standard Time),0.0000011441969303761483
Tue Dec 02 2025 12:54:00 GMT+0530 (India Standard Time),0.0000011497874691239145
Tue Dec 02 2025 12:55:00 GMT+0530 (India Standard Time),0.0000011553780078716807
Tue Dec 02 2025 12:56:00 GMT+0530 (India Standard Time),0.0000011609685466194469
Tue Dec 02 2025 12:57:00 GMT+0530 (India Standard Time),0.0000011670249635961937
Tue Dec 02 2025 12:58:00 GMT+0530 (India Standard Time),0.0000011726155023439599
Tue Dec 02 2025 12:59:00 GMT+0530 (India Standard Time),0.000001178206041091726
Tue Dec 02 2025 13:00:00 GMT+0530 (India Standard Time),0.0000011837965798394922
Tue Dec 02 2025 13:01:00 GMT+0530 (India Standard Time),0.0000011893871185872584
Tue Dec 02 2025 13:02:00 GMT+0530 (India Standard Time),0.0000011954435355640052
Tue Dec 02 2025 13:03:00 GMT+0530 (India Standard Time),0.0000012010340743117714
Tue Dec 02 2025 13:04:00 GMT+0530 (India Standard Time),0.0000012066246130595376
Tue Dec 02 2025 13:05:00 GMT+0530 (India Standard Time),0.0000012164080558681283
Tue Dec 02 2025 13:06:00 GMT+0530 (India Standard Time),0.0000012303844027375438
Tue Dec 02 2025 13:07:00 GMT+0530 (India Standard Time),0.0000012397019673171541
Tue Dec 02 2025 13:08:00 GMT+0530 (India Standard Time),0.0000012452925060649205
Tue Dec 02 2025 13:09:00 GMT+0530 (India Standard Time),0.0000012508830448126867
Tue Dec 02 2025 13:10:00 GMT+0530 (India Standard Time),0.0000012564735835604529
Tue Dec 02 2025 13:11:00 GMT+0530 (India Standard Time),0.000001262064122308219
Tue Dec 02 2025 13:12:00 GMT+0530 (India Standard Time),0.0000012695181739719072
Tue Dec 02 2025 13:13:00 GMT+0530 (India Standard Time),0.0000012751087127196734
Tue Dec 02 2025 13:14:00 GMT+0530 (India Standard Time),0.0000012806992514674396
Tue Dec 02 2025 13:15:00 GMT+0530 (India Standard Time),0.000001286289790215206
Tue Dec 02 2025 13:16:00 GMT+0530 (India Standard Time),0.0000012918803289629721
Tue Dec 02 2025 13:17:00 GMT+0530 (India Standard Time),0.0000012979367459397188
Tue Dec 02 2025 13:18:00 GMT+0530 (India Standard Time),0.000001303527284687485
Tue Dec 02 2025 13:19:00 GMT+0530 (India Standard Time),0.0000013091178234352511
Tue Dec 02 2025 13:20:00 GMT+0530 (India Standard Time),0.0000013147083621830173
Tue Dec 02 2025 13:21:00 GMT+0530 (India Standard Time),0.0000013720113843476208
Tue Dec 02 2025 13:22:00 GMT+0530 (India Standard Time),0.0000014004299563154323
Tue Dec 02 2025 13:23:00 GMT+0530 (India Standard Time),0.0000014102133991240233
Tue Dec 02 2025 13:24:00 GMT+0530 (India Standard Time),0.0000014167356943297504
Tue Dec 02 2025 13:25:00 GMT+0530 (India Standard Time),0.0000014227921113064972
Tue Dec 02 2025 13:26:00 GMT+0530 (India Standard Time),0.0000014311779194281466
Tue Dec 02 2025 13:27:00 GMT+0530 (India Standard Time),0.0000014414272404657178
Tue Dec 02 2025 13:28:00 GMT+0530 (India Standard Time),0.0000014526083179612503
Tue Dec 02 2025 13:29:00 GMT+0530 (India Standard Time),0.0000014763681076392566
Tue Dec 02 2025 13:30:00 GMT+0530 (India Standard Time),0.0000014968667497143992
Tue Dec 02 2025 13:31:00 GMT+0530 (India Standard Time),0.0000015127066094997368
Tue Dec 02 2025 13:32:00 GMT+0530 (India Standard Time),0.0000015290123475140549
Tue Dec 02 2025 13:33:00 GMT+0530 (India Standard Time),0.0000015411251814675483
Tue Dec 02 2025 13:34:00 GMT+0530 (India Standard Time),0.0000015527721371920614
Tue Dec 02 2025 13:35:00 GMT+0530 (India Standard Time),0.0000015667484840614767
Tue Dec 02 2025 13:36:00 GMT+0530 (India Standard Time),0.0000015760660486410872
Tue Dec 02 2025 13:37:00 GMT+0530 (India Standard Time),0.000001589576517281522
Tue Dec 02 2025 13:38:00 GMT+0530 (India Standard Time),0.0000016026211076929764
Tue Dec 02 2025 13:39:00 GMT+0530 (India Standard Time),0.0000016161315763334115
Tue Dec 02 2025 13:40:00 GMT+0530 (India Standard Time),0.000001629176166744866
Tue Dec 02 2025 13:41:00 GMT+0530 (India Standard Time),0.0000016422207571563205
Tue Dec 02 2025 13:42:00 GMT+0530 (India Standard Time),0.0000016520041999649112
Tue Dec 02 2025 13:43:00 GMT+0530 (India Standard Time),0.0000016650487903763656
Tue Dec 02 2025 13:44:00 GMT+0530 (India Standard Time),0.0000016748322331849566
Tue Dec 02 2025 13:45:00 GMT+0530 (India Standard Time),0.000001687876823596411
Tue Dec 02 2025 13:46:00 GMT+0530 (India Standard Time),0.000001701387292236846
Tue Dec 02 2025 13:47:00 GMT+0530 (India Standard Time),0.000001714897760877281
Tue Dec 02 2025 13:48:00 GMT+0530 (India Standard Time),0.0000017326011335785406
Tue Dec 02 2025 13:49:00 GMT+0530 (India Standard Time),0.000001746577480447956
Tue Dec 02 2025 13:50:00 GMT+0530 (India Standard Time),0.0000017596220708594105
Tue Dec 02 2025 13:51:00 GMT+0530 (India Standard Time),0.000001771734904812904
Tue Dec 02 2025 13:52:00 GMT+0530 (India Standard Time),0.000001800619355009696
Tue Dec 02 2025 13:53:00 GMT+0530 (India Standard Time),0.0000018164592147950336
Tue Dec 02 2025 13:54:00 GMT+0530 (India Standard Time),0.0000018374237350991568
Tue Dec 02 2025 13:55:00 GMT+0530 (India Standard Time),0.000001843014273846923
Tue Dec 02 2025 13:56:00 GMT+0530 (India Standard Time),0.0000018486048125946892
Tue Dec 02 2025 13:57:00 GMT+0530 (India Standard Time),0.0000018728304805016761
Tue Dec 02 2025 13:58:00 GMT+0530 (India Standard Time),0.0000018793527757074032
Tue Dec 02 2025 13:59:00 GMT+0530 (India Standard Time),0.0000018993855395535654
Tue Dec 02 2025 14:00:00 GMT+0530 (India Standard Time),0.0000019068395912172538
Tue Dec 02 2025 14:01:00 GMT+0530 (India Standard Time),0.000001922213572773611
Tue Dec 02 2025 14:02:00 GMT+0530 (India Standard Time),0.000001937587554329968
Tue Dec 02 2025 14:03:00 GMT+0530 (India Standard Time),0.0000019515639011993834
Tue Dec 02 2025 14:04:00 GMT+0530 (India Standard Time),0.000001963210856923896
Tue Dec 02 2025 14:05:00 GMT+0530 (India Standard Time),0.0000019688013956716626
Tue Dec 02 2025 14:06:00 GMT+0530 (India Standard Time),0.000001976255447335351
Tue Dec 02 2025 14:07:00 GMT+0530 (India Standard Time),0.0000019851071336859804
Tue Dec 02 2025 14:08:00 GMT+0530 (India Standard Time),0.00000199349294180763
Tue Dec 02 2025 14:09:00 GMT+0530 (India Standard Time),0.000002001878749929279
Tue Dec 02 2025 14:10:00 GMT+0530 (India Standard Time),0.0000020102645580509283
Tue Dec 02 2025 14:11:00 GMT+0530 (India Standard Time),0.000002016320975027675
Tue Dec 02 2025 14:12:00 GMT+0530 (India Standard Time),0.0000020745557536502396
Tue Dec 02 2025 14:13:00 GMT+0530 (India Standard Time),0.0000021784465987128947
Tue Dec 02 2025 14:14:00 GMT+0530 (India Standard Time),0.0000023331181707344265
Tue Dec 02 2025 14:15:00 GMT+0530 (India Standard Time),0.0000024523829973534385
Tue Dec 02 2025 14:16:00 GMT+0530 (India Standard Time),0.0000026769363037220475
Tue Dec 02 2025 14:17:00 GMT+0530 (India Standard Time),0.0000030929655622016486
Tue Dec 02 2025 14:18:00 GMT+0530 (India Standard Time),0.0000035709566251356586
Tue Dec 02 2025 14:19:00 GMT+0530 (India Standard Time),0.000003973475414974825
Tue Dec 02 2025 14:20:00 GMT+0530 (India Standard Time),0.000004349439145762101
Tue Dec 02 2025 14:21:00 GMT+0530 (India Standard Time),0.000004751957935601268
Tue Dec 02 2025 14:22:00 GMT+0530 (India Standard Time),0.000005136307474510193
Tue Dec 02 2025 14:23:00 GMT+0530 (India Standard Time),0.000005545348559555087
Tue Dec 02 2025 14:24:00 GMT+0530 (India Standard Time),0.000005842112991415676
Tue Dec 02 2025 14:25:00 GMT+0530 (India Standard Time),0.000006155649039519564
Tue Dec 02 2025 14:26:00 GMT+0530 (India Standard Time),0.000006529283379161938
Tue Dec 02 2025 14:27:00 GMT+0530 (India Standard Time),0.0000069234163608794545
Tue Dec 02 2025 14:28:00 GMT+0530 (India Standard Time),0.000007293789552918965
Tue Dec 02 2025 14:29:00 GMT+0530 (India Standard Time),0.000007711216446085508
Tue Dec 02 2025 14:30:00 GMT+0530 (India Standard Time),0.000008179889944439908
Tue Dec 02 2025 14:31:00 GMT+0530 (India Standard Time),0.000008566102996264755
Tue Dec 02 2025 14:32:00 GMT+0530 (India Standard Time),0.00000906692209241881
Tue Dec 02 2025 14:33:00 GMT+0530 (India Standard Time),0.000009554230719932431
Tue Dec 02 2025 14:34:00 GMT+0530 (India Standard Time),0.000010080673118680415
Tue Dec 02 2025 14:35:00 GMT+0530 (India Standard Time),0.000010537233783081321
Tue Dec 02 2025 14:36:00 GMT+0530 (India Standard Time),0.000011021281262992077
Tue Dec 02 2025 14:37:00 GMT+0530 (India Standard Time),0.000011444298694906387
Tue Dec 02 2025 14:38:00 GMT+0530 (India Standard Time),0.000011829114112044293
Tue Dec 02 2025 14:39:00 GMT+0530 (India Standard Time),0.00001233133084288529
Tue Dec 02 2025 14:40:00 GMT+0530 (India Standard Time),0.000012946290105139572
Tue Dec 02 2025 14:41:00 GMT+0530 (India Standard Time),0.000013527706134907255
Tue Dec 02 2025 14:42:00 GMT+0530 (India Standard Time),0.000014105395138843096
Tue Dec 02 2025 14:43:00 GMT+0530 (India Standard Time),0.000014766476345766448
Tue Dec 02 2025 14:44:00 GMT+0530 (India Standard Time),0.000015945614143316135
Tue Dec 02 2025 14:45:00 GMT+0530 (India Standard Time),0.00001665374905136652
Tue Dec 02 2025 14:46:00 GMT+0530 (India Standard Time),0.000017330204239846232
Tue Dec 02 2025 14:47:00 GMT+0530 (India Standard Time),0.0000182754711664477
Tue Dec 02 2025 14:48:00 GMT+0530 (India Standard Time),0.000019446223155875736
Tue Dec 02 2025 14:49:00 GMT+0530 (India Standard Time),0.00002010730436279909
Tue Dec 02 2025 14:50:00 GMT+0530 (India Standard Time),0.000020562933270742033
Tue Dec 02 2025 14:51:00 GMT+0530 (India Standard Time),0.00002070362849589415
Tue Dec 02 2025 14:52:00 GMT+0530 (India Standard Time),0.000020807985219185784
Tue Dec 02 2025 14:53:00 GMT+0530 (India Standard Time),0.00002094495341850606
Tue Dec 02 2025 14:54:00 GMT+0530 (India Standard Time),0.000021077262835536523
Tue Dec 02 2025 14:55:00 GMT+0530 (India Standard Time),0.00002126128473598383
Tue Dec 02 2025 14:56:00 GMT+0530 (India Standard Time),0.00002175278626755827
Tue Dec 02 2025 14:57:00 GMT+0530 (India Standard Time),0.000021800771725143267
Tue Dec 02 2025 14:58:00 GMT+0530 (India Standard Time),0.000021828724418882098
Tue Dec 02 2025 14:59:00 GMT+0530 (India Standard Time),0.000021861801773139715
Tue Dec 02 2025 15:00:00 GMT+0530 (India Standard Time),0.000021886493319275682
Tue Dec 02 2025 15:01:00 GMT+0530 (India Standard Time),0.000021906526083121842
Tue Dec 02 2025 15:02:00 GMT+0530 (India Standard Time),0.000021926558846968006
Tue Dec 02 2025 15:03:00 GMT+0530 (India Standard Time),0.000021968022009347273
Tue Dec 02 2025 15:04:00 GMT+0530 (India Standard Time),0.000021997372337773043
Tue Dec 02 2025 15:05:00 GMT+0530 (India Standard Time),0.000022027188544427796
Tue Dec 02 2025 15:06:00 GMT+0530 (India Standard Time),0.000022049550699418862
Tue Dec 02 2025 15:07:00 GMT+0530 (India Standard Time),0.000022066322315662162
Tue Dec 02 2025 15:08:00 GMT+0530 (India Standard Time),0.000022098467913461816
Tue Dec 02 2025 15:09:00 GMT+0530 (India Standard Time),0.00002212176182491084
Tue Dec 02 2025 15:10:00 GMT+0530 (India Standard Time),0.0000221371358064672
Tue Dec 02 2025 15:11:00 GMT+0530 (India Standard Time),0.0000221539074227105
Tue Dec 02 2025 15:12:00 GMT+0530 (India Standard Time),0.000022168349647808894
Tue Dec 02 2025 15:13:00 GMT+0530 (India Standard Time),0.00002218372362936525
Tue Dec 02 2025 15:14:00 GMT+0530 (India Standard Time),0.000022202824636753453
Tue Dec 02 2025 15:15:00 GMT+0530 (India Standard Time),0.000022226584426431457
Tue Dec 02 2025 15:16:00 GMT+0530 (India Standard Time),0.000022234970234553107
Tue Dec 02 2025 15:17:00 GMT+0530 (India Standard Time),0.000022250344216109465
Tue Dec 02 2025 15:18:00 GMT+0530 (India Standard Time),0.000022260127658918054
Tue Dec 02 2025 15:19:00 GMT+0530 (India Standard Time),0.00002227270637110053
Tue Dec 02 2025 15:20:00 GMT+0530 (India Standard Time),0.00002228202393568014
Tue Dec 02 2025 15:21:00 GMT+0530 (India Standard Time),0.000022294136769633634
Tue Dec 02 2025 15:22:00 GMT+0530 (India Standard Time),0.000022305317847129165
Tue Dec 02 2025 15:23:00 GMT+0530 (India Standard Time),0.000022317896559311638
Tue Dec 02 2025 15:24:00 GMT+0530 (India Standard Time),0.000022340258714302703
Tue Dec 02 2025 15:25:00 GMT+0530 (India Standard Time),0.000022350973913569255
Tue Dec 02 2025 15:26:00 GMT+0530 (India Standard Time),0.000022360757356377847
Tue Dec 02 2025 15:27:00 GMT+0530 (India Standard Time),0.0000223714725556444
Tue Dec 02 2025 15:28:00 GMT+0530 (India Standard Time),0.00002238218775491095
Tue Dec 02 2025 15:29:00 GMT+0530 (India Standard Time),0.00002239895937115425
Tue Dec 02 2025 15:30:00 GMT+0530 (India Standard Time),0.000022413867474481625
Tue Dec 02 2025 15:31:00 GMT+0530 (India Standard Time),0.000022424582673748176
Tue Dec 02 2025 15:32:00 GMT+0530 (India Standard Time),0.000022448808341655164
Tue Dec 02 2025 15:33:00 GMT+0530 (India Standard Time),0.00002247070461841725
Tue Dec 02 2025 15:34:00 GMT+0530 (India Standard Time),0.000022478158670080937
Tue Dec 02 2025 15:35:00 GMT+0530 (India Standard Time),0.000022483749208828702
Tue Dec 02 2025 15:36:00 GMT+0530 (India Standard Time),0.00002249073738226341
Tue Dec 02 2025 15:37:00 GMT+0530 (India Standard Time),0.00002249679379924016
Tue Dec 02 2025 15:38:00 GMT+0530 (India Standard Time),0.000022502384337987924
Tue Dec 02 2025 15:39:00 GMT+0530 (India Standard Time),0.00002250797487673569
Tue Dec 02 2025 15:40:00 GMT+0530 (India Standard Time),0.000022513565415483455
Tue Dec 02 2025 15:41:00 GMT+0530 (India Standard Time),0.000022519155954231224
Tue Dec 02 2025 15:42:00 GMT+0530 (India Standard Time),0.00002252521237120797
Tue Dec 02 2025 15:43:00 GMT+0530 (India Standard Time),0.000022530802909955735
Tue Dec 02 2025 15:44:00 GMT+0530 (India Standard Time),0.0000225363934487035
Tue Dec 02 2025 15:45:00 GMT+0530 (India Standard Time),0.000022545711013283113
Tue Dec 02 2025 15:46:00 GMT+0530 (India Standard Time),0.00002255130155203088
Tue Dec 02 2025 15:47:00 GMT+0530 (India Standard Time),0.000022557357969007624
Tue Dec 02 2025 15:48:00 GMT+0530 (India Standard Time),0.000022562948507755393
Tue Dec 02 2025 15:49:00 GMT+0530 (India Standard Time),0.000022568539046503158
Tue Dec 02 2025 15:50:00 GMT+0530 (India Standard Time),0.000022574129585250924
Tue Dec 02 2025 15:51:00 GMT+0530 (India Standard Time),0.00002257972012399869
Tue Dec 02 2025 15:52:00 GMT+0530 (India Standard Time),0.000022585776540975438
Tue Dec 02 2025 15:53:00 GMT+0530 (India Standard Time),0.000022591367079723203
Tue Dec 02 2025 15:54:00 GMT+0530 (India Standard Time),0.00002259695761847097
Tue Dec 02 2025 15:55:00 GMT+0530 (India Standard Time),0.000022602548157218735
Tue Dec 02 2025 15:56:00 GMT+0530 (India Standard Time),0.0000226081386959665
Tue Dec 02 2025 15:57:00 GMT+0530 (India Standard Time),0.00002261419511294325
Tue Dec 02 2025 15:58:00 GMT+0530 (India Standard Time),0.000022619785651691014
Tue Dec 02 2025 15:59:00 GMT+0530 (India Standard Time),0.0000226272397033547
Tue Dec 02 2025 16:00:00 GMT+0530 (India Standard Time),0.00002264494307605596
Tue Dec 02 2025 16:01:00 GMT+0530 (India Standard Time),0.000022655192397093533
Tue Dec 02 2025 16:02:00 GMT+0530 (India Standard Time),0.00002266124881407028
Tue Dec 02 2025 16:03:00 GMT+0530 (India Standard Time),0.000022666839352818047
Tue Dec 02 2025 16:04:00 GMT+0530 (India Standard Time),0.000022672429891565812
Tue Dec 02 2025 16:05:00 GMT+0530 (India Standard Time),0.000022678020430313578
Tue Dec 02 2025 16:06:00 GMT+0530 (India Standard Time),0.000022683610969061347
Tue Dec 02 2025 16:07:00 GMT+0530 (India Standard Time),0.000022689667386038092
Tue Dec 02 2025 16:08:00 GMT+0530 (India Standard Time),0.000022695257924785857
Tue Dec 02 2025 16:09:00 GMT+0530 (India Standard Time),0.000022700848463533623
Tue Dec 02 2025 16:10:00 GMT+0530 (India Standard Time),0.000022706439002281392
Tue Dec 02 2025 16:11:00 GMT+0530 (India Standard Time),0.000022712029541029157
Tue Dec 02 2025 16:12:00 GMT+0530 (India Standard Time),0.000022718085958005902
Tue Dec 02 2025 16:13:00 GMT+0530 (India Standard Time),0.000022723676496753668
Tue Dec 02 2025 16:14:00 GMT+0530 (India Standard Time),0.000022729267035501437
Tue Dec 02 2025 16:15:00 GMT+0530 (India Standard Time),0.000022734857574249202
Tue Dec 02 2025 16:16:00 GMT+0530 (India Standard Time),0.000022740448112996968
Tue Dec 02 2025 16:17:00 GMT+0530 (India Standard Time),0.000022746504529973713
Tue Dec 02 2025 16:18:00 GMT+0530 (India Standard Time),0.000022752095068721482
Tue Dec 02 2025 16:19:00 GMT+0530 (India Standard Time),0.000022757685607469248
Tue Dec 02 2025 16:20:00 GMT+0530 (India Standard Time),0.000022763276146217013
Tue Dec 02 2025 16:21:00 GMT+0530 (India Standard Time),0.00002276886668496478
Tue Dec 02 2025 16:22:00 GMT+0530 (India Standard Time),0.000022774923101941527
Tue Dec 02 2025 16:23:00 GMT+0530 (India Standard Time),0.000022780513640689293
Tue Dec 02 2025 16:24:00 GMT+0530 (India Standard Time),0.000022786104179437058
Tue Dec 02 2025 16:25:00 GMT+0530 (India Standard Time),0.000022791694718184824
Tue Dec 02 2025 16:26:00 GMT+0530 (India Standard Time),0.00002279728525693259
Tue Dec 02 2025 16:27:00 GMT+0530 (India Standard Time),0.000022803341673909338
Tue Dec 02 2025 16:28:00 GMT+0530 (India Standard Time),0.000022808932212657103
Tue Dec 02 2025 16:29:00 GMT+0530 (India Standard Time),0.00002281452275140487
Tue Dec 02 2025 16:30:00 GMT+0530 (India Standard Time),0.000022820113290152638
Tue Dec 02 2025 16:31:00 GMT+0530 (India Standard Time),0.000022825703828900403
Tue Dec 02 2025 16:32:00 GMT+0530 (India Standard Time),0.00002283176024587715
Tue Dec 02 2025 16:33:00 GMT+0530 (India Standard Time),0.000022837350784624914
Tue Dec 02 2025 16:34:00 GMT+0530 (India Standard Time),0.000022842941323372683
Tue Dec 02 2025 16:35:00 GMT+0530 (India Standard Time),0.00002284853186212045
Tue Dec 02 2025 16:36:00 GMT+0530 (India Standard Time),0.000022854122400868214
Tue Dec 02 2025 16:37:00 GMT+0530 (India Standard Time),0.00002286017881784496
Tue Dec 02 2025 16:38:00 GMT+0530 (India Standard Time),0.000022865769356592728
Tue Dec 02 2025 16:39:00 GMT+0530 (India Standard Time),0.000022871359895340494
Tue Dec 02 2025 16:40:00 GMT+0530 (India Standard Time),0.00002287695043408826
Tue Dec 02 2025 16:41:00 GMT+0530 (India Standard Time),0.000022882540972836025
Tue Dec 02 2025 16:42:00 GMT+0530 (India Standard Time),0.000022888597389812773
Tue Dec 02 2025 16:43:00 GMT+0530 (India Standard Time),0.00002289418792856054
Tue Dec 02 2025 16:44:00 GMT+0530 (India Standard Time),0.000022899778467308304
Tue Dec 02 2025 16:45:00 GMT+0530 (India Standard Time),0.00002290536900605607
Tue Dec 02 2025 16:46:00 GMT+0530 (India Standard Time),0.000022910959544803835
Tue Dec 02 2025 16:47:00 GMT+0530 (India Standard Time),0.000022917015961780584
Tue Dec 02 2025 16:48:00 GMT+0530 (India Standard Time),0.00002292447001344427
Tue Dec 02 2025 16:49:00 GMT+0530 (India Standard Time),0.000022930060552192037
Tue Dec 02 2025 16:50:00 GMT+0530 (India Standard Time),0.000022935651090939806
Tue Dec 02 2025 16:51:00 GMT+0530 (India Standard Time),0.00002294124162968757
Tue Dec 02 2025 16:52:00 GMT+0530 (India Standard Time),0.000022947298046664316
Tue Dec 02 2025 16:53:00 GMT+0530 (India Standard Time),0.000022952888585412082
Tue Dec 02 2025 16:54:00 GMT+0530 (India Standard Time),0.00002295847912415985
Tue Dec 02 2025 16:55:00 GMT+0530 (India Standard Time),0.000022966399054052518
Tue Dec 02 2025 16:56:00 GMT+0530 (India Standard Time),0.00002297431898394519
Tue Dec 02 2025 16:57:00 GMT+0530 (India Standard Time),0.000022980375400921933
Tue Dec 02 2025 16:58:00 GMT+0530 (India Standard Time),0.0000229859659396697
Tue Dec 02 2025 16:59:00 GMT+0530 (India Standard Time),0.000022991556478417468
Tue Dec 02 2025 17:00:00 GMT+0530 (India Standard Time),0.000022997147017165233
Tue Dec 02 2025 17:01:00 GMT+0530 (India Standard Time),0.000023002737555913
Tue Dec 02 2025 17:02:00 GMT+0530 (India Standard Time),0.000023008793972889744
Tue Dec 02 2025 17:03:00 GMT+0530 (India Standard Time),0.000023014384511637513
Tue Dec 02 2025 17:04:00 GMT+0530 (India Standard Time),0.00002301997505038528
Tue Dec 02 2025 17:05:00 GMT+0530 (India Standard Time),0.000023025565589133044
Tue Dec 02 2025 17:06:00 GMT+0530 (India Standard Time),0.00002303115612788081
Tue Dec 02 2025 17:07:00 GMT+0530 (India Standard Time),0.000023037212544857558
Tue Dec 02 2025 17:08:00 GMT+0530 (India Standard Time),0.000023042803083605324
Tue Dec 02 2025 17:09:00 GMT+0530 (India Standard Time),0.00002304839362235309
Tue Dec 02 2025 17:10:00 GMT+0530 (India Standard Time),0.000023053984161100855
Tue Dec 02 2025 17:11:00 GMT+0530 (India Standard Time),0.00002305957469984862
Tue Dec 02 2025 17:12:00 GMT+0530 (India Standard Time),0.00002306563111682537
Tue Dec 02 2025 17:13:00 GMT+0530 (India Standard Time),0.000023071221655573134
Tue Dec 02 2025 17:14:00 GMT+0530 (India Standard Time),0.0000230768121943209
Tue Dec 02 2025 17:15:00 GMT+0530 (India Standard Time),0.000023082402733068665
Tue Dec 02 2025 17:16:00 GMT+0530 (India Standard Time),0.000023087993271816434
Tue Dec 02 2025 17:17:00 GMT+0530 (India Standard Time),0.00002309404968879318
Tue Dec 02 2025 17:18:00 GMT+0530 (India Standard Time),0.000023099640227540945
Tue Dec 02 2025 17:19:00 GMT+0530 (India Standard Time),0.000023105230766288714
Tue Dec 02 2025 17:20:00 GMT+0530 (India Standard Time),0.00002311082130503648
Tue Dec 02 2025 17:21:00 GMT+0530 (India Standard Time),0.000023116411843784245
Tue Dec 02 2025 17:22:00 GMT+0530 (India Standard Time),0.00002312246826076099
Tue Dec 02 2025 17:23:00 GMT+0530 (India Standard Time),0.00002312805879950876
Tue Dec 02 2025 17:24:00 GMT+0530 (India Standard Time),0.000023133649338256525
Tue Dec 02 2025 17:25:00 GMT+0530 (India Standard Time),0.00002313923987700429
Tue Dec 02 2025 17:26:00 GMT+0530 (India Standard Time),0.000023144830415752056
Tue Dec 02 2025 17:27:00 GMT+0530 (India Standard Time),0.000023150886832728804
Tue Dec 02 2025 17:28:00 GMT+0530 (India Standard Time),0.00002315647737147657
Tue Dec 02 2025 17:29:00 GMT+0530 (India Standard Time),0.000023162067910224335
Tue Dec 02 2025 17:30:00 GMT+0530 (India Standard Time),0.0000231676584489721
Tue Dec 02 2025 17:31:00 GMT+0530 (India Standard Time),0.000023173248987719866
Tue Dec 02 2025 17:32:00 GMT+0530 (India Standard Time),0.000023179305404696615
Tue Dec 02 2025 17:33:00 GMT+0530 (India Standard Time),0.00002318489594344438
Tue Dec 02 2025 17:34:00 GMT+0530 (India Standard Time),0.000023190486482192146
Tue Dec 02 2025 17:35:00 GMT+0530 (India Standard Time),0.00002319607702093991
Tue Dec 02 2025 17:36:00 GMT+0530 (India Standard Time),0.00002320166755968768